significant_genes,coef
ABCA13,0.06029350997456372
ABCB5,0.6828352391507402
ABCC11,0.13890864679319945
ACAN,-0.9452363446423865
ADAM21P1,0.3247239439031036
ADAMTS12,0.6488518408574184
ADAMTS16,0.07209499591884218
ADAMTS18,-0.1854752869160542
ADAMTS20,0.44622528323674704
ADCY2,-0.5990349940387176
ADCY8,0.8266192252990668
AFF2,-0.23235500343445772
AHNAK,-0.3251050203331803
AHNAK2,-0.5586964838688593
ANK2,-0.16616224761179282
ANK3,0.08313449527173622
ANKRD30A,0.45621166188395873
APOB,-0.4015350621992067
ASPM,0.199396566444022
ASTN1,0.26704504393017703
ASTN2,-0.28053987757372634
ASXL3,0.6262883724409156
ATP11C,0.16339318104307596
BAGE2,-0.4565041780826035
BAI3,0.9134092224837046
BIRC6,-0.19569982230375613
BRINP3,0.597287358869136
BSN,-0.21415794227602866
C1orf173,0.6566696280300263
C7,0.1101926523301508
CACNA1C,0.22345059777242063
CACNA1E,-0.380525833614281
CACNA1S,0.5361753727844212
CD1E,0.5634754211355221
CDH10,-0.5615992555351591
CDH12,-0.24511342346658765
CDH18,-0.5782011352028855
CDH6,1.3072386981620427
CDH7,-0.2698901849904012
CDH9,-0.36384717020295604
CHL1,1.2622260795272597
CNTNAP2,-0.04938880097936392
CNTNAP5,-0.6458715817362468
COL11A1,0.4397544822163866
COL12A1,-0.039918412568783854
COL21A1,1.1914373912959801
COL22A1,-0.21200617056020224
COL3A1,-0.018851484191355735
COL4A5,-0.49824297996027367
COL5A2,-0.6646816800152043
COL6A3,-0.007169400148621922
COL6A6,0.11187555561632252
CRB1,0.18586983884093305
CSMD1,-0.23693966301189895
CSMD2,-0.43659761221833465
CSMD3,-0.42663419096148303
CTNNA2,-0.5762723267256229
CTNND2,-0.18622541993504518
CUBN,0.0647134905863423
CYP11B2,-0.014901704778334185
DCAF4L2,-0.7985388208834858
DCDC1,0.3612417400219658
DCHS1,0.5519622813516114
DLGAP2,-0.41140909346107213
DMBT1,-1.0996376390126104
DMD,-0.4822680551321522
DNAH11,-0.532131278522318
DNAH17,0.4493698513620571
DNAH3,-0.23648584012530907
DNAH5,-0.4444694293055306
DNAH7,0.6202675113700734
DNAH8,-0.19337632693514487
DNAH9,0.30900106181035747
DOCK2,-0.16766159107205078
DPP6,-0.7169060846621111
DSCAM,-0.7480261955560896
DSG3,-0.6543766306740249
DST,0.8343200520470364
DUSP27,-0.9191227221270161
DYSF,0.3569596918237061
EGFR,-0.145049578364353
EPHA3,-1.0109625580272827
EPHB6,-0.9350781741417791
F5,1.8413133307078566
FAM135B,-0.592882905460556
FAM47A,-0.3154274886338625
FAM47B,-0.19961253203723942
FAM47C,-0.41490504506651216
FAM83B,0.0006596589874145296
FAT1,-0.09379468232698113
FAT2,-0.163644650759254
FAT3,0.504264440833852
FAT4,-0.08533011917668959
FBN2,0.09825785787877137
FBXL7,0.19335174335803482
FCGBP,0.22168880695989784
FER1L6,-0.4112288733520349
FHOD3,-0.3340939186299528
FLG,0.1606458835347995
FLG2,-0.45754150357610895
FLNA,0.5233395689113988
FMN2,0.504735701838987
GABRG2,-0.8425404899060734
GPR112,0.12407883964054273
GPR158,-0.5177800097801661
GPR98,0.35668876455465093
GRID2,-0.1735173281730822
GRIN2A,-0.05735942824475002
GRIN2B,-0.09969164621833615
GTF3C1,1.5434133956965275
HCN1,-0.356386068281918
HECW1,-0.3773076482905538
HEPH,0.01003711106250589
HERC2,-0.478647863730498
HMCN1,0.10107437401190165
HRNR,0.3851285514048409
HUWE1,-0.4834588172167439
HYDIN,-0.01314104531501825
ITGA8,-0.18887018601679328
KCNB2,0.6055584046272395
KCNT2,-0.42231361897306013
KEAP1,0.21796095449657915
KIAA1109,-0.3428900261580856
KIF2B,-0.3163004645708842
KMT2C,-0.15452274785250966
KMT2D,-0.03248936288915947
KRAS,0.40337214610716127
LAMA2,-0.6457385335560745
LCT,-0.1684125190853748
LPHN3,-0.3509357202481585
LRFN5,-0.06238994776271168
LRP1,-0.20663947551315384
LRP1B,0.3486234806191007
LRP2,-0.605350990674847
LRRC7,-0.37561796787686275
LRRTM4,-0.07389941980216094
MAGEC1,-0.26869233349198834
MALAT1,0.5036568641361215
MGAM,-0.08738957707491887
MROH9,0.3390822329274407
MUC16,-0.10267663233640845
MUC17,-0.13350081633738564
MUC5AC,0.23430545180003762
MUC5B,-0.20383791500309886
MXRA5,0.21395800335523726
MYH1,-0.38477526543293245
MYH13,0.9690780625774493
MYH2,-0.9652798227582952
MYH4,-0.4108520918972798
MYH6,1.2681741630214955
MYH7,0.22200967274316355
MYH8,-0.36767564993101315
MYO16,-0.2206576832619424
MYO18B,0.06698662340140261
MYO7B,-0.09226153986205105
NALCN,-0.17577641773231456
NAV3,0.8485690740722427
NCKAP5,1.3223149218227594
NDST4,0.08582269299345652
NEB,0.15332755898973635
NELL1,-0.11006937541050385
NELL2,0.3454726799924645
NF1,0.2627735656953795
NFASC,-0.059887496968542
NLGN4X,0.11336641325398877
NLRP12,0.332723534766028
NLRP3,0.6458295640417917
NLRP5,-0.06490699121612524
NOTCH4,0.4152598535136739
NPAP1,0.35405184041587295
NRXN1,-0.03515435814080333
NTRK3,-0.12502491732259532
OBSCN,-0.6444971129366909
OCA2,0.12159758528647785
OR2L13,-0.4911412084191647
OR2T3,-0.25018850753792055
OR2T33,2.180750310860495
OR4A15,0.8257046626624055
OR6F1,1.5636341681963748
OTOGL,-0.04427451954116837
OVCH1,0.20079150355626144
PAPPA2,-0.043807589985314865
PCDH10,-0.8445845304886695
PCDH11X,0.04284084301739851
PCDH15,0.7914375911542438
PCDH17,-0.039427070069077585
PCDHB10,-0.3770764644932338
PCDHB2,0.21043677231991162
PCDHB7,-0.41683385964538744
PCLO,-0.8184362926342184
PCNXL2,-0.02912112933758896
PDE4DIP,-0.41577396624836904
PDGFRA,-0.18161350348309055
PEG3,-0.22995152180391742
PKD1L1,-0.006498354191320896
PKHD1,-0.998632471297226
PKHD1L1,0.4819384807123734
PLCB1,0.2030256156719403
PLEC,0.24091959608904667
PLXNA4,-0.07658764719354402
POM121L12,-0.03514905626279238
POTEF,-0.21715258354219577
POTEH,0.1558504293095667
PRDM9,-0.6663661967122599
PRKDC,1.3757863109377824
PRUNE2,0.6126858396460556
PTPRC,-1.0939823404605309
PTPRD,0.21635848439355018
PTPRT,0.7120325096525096
PTPRZ1,0.2826419381880341
PXDNL,0.1449799814463825
REG3A,1.492718129404698
RELN,-0.5981875346584098
RGPD4,0.13799676621014315
RIMS2,0.36237520222293435
RNF213,-0.5410200284916902
ROBO2,0.2638693498937089
RP11-193H5.1,-0.12046674213162473
RP1L1,-0.6381365862365214
RYR1,-0.28542036215411587
RYR2,-0.10644096308452991
RYR3,0.1115286573153569
SALL1,-0.14399021486192612
SCN10A,0.5029103002506778
SCN11A,-0.5310864110822527
SCN1A,-0.08534875175177958
SCN3A,0.7613748430558074
SDK1,0.143481009600724
SI,0.1566891819960448
SLC8A1,-0.3934826436836304
SLIT2,-0.19570090116289163
SLIT3,1.0248055215318224
SLITRK1,-0.044077760377855914
SLITRK2,0.49805071649566723
SMARCA4,0.23838189121397346
SNTG1,-0.11310760351303115
SORCS1,0.616788655875789
SORCS3,0.9347265362932813
SPATA31A6,-0.16483169180790772
SPATA31D1,0.5123083396436681
SPEF2,0.5979903823255871
SPEG,-0.153962658502863
SPHKAP,1.2279923883313903
SPTA1,-0.6305203241669083
SSPO,-0.6636402425345709
STK11,0.9470281185180408
SYNE1,-0.8590721757551953
SYNE2,0.0902508030847114
TAF1L,-0.8110619996906989
TENM1,-0.4407140466202638
TENM2,-0.14969383398246705
TENM3,-0.02002253242698392
TEX15,0.07532850837042743
TG,0.6464488644644468
THSD7A,-0.3060383803678542
THSD7B,0.907341393150376
TLR4,0.38127120665489234
TMPRSS15,0.242001950594225
TNN,-0.834421382346102
TNR,0.8343163537927467
TP53,0.9561301509866685
TPTE,-0.236813396706897
TRIO,0.6292189428753785
TRO,0.42005787050899523
TRPC4,0.24749099789953533
TRPS1,0.8481292513310739
TSHZ3,0.2633362221791102
TTN,0.2342784279180188
UBR4,-0.24250794948936344
UNC13C,-0.3045447750224009
UNC5D,-0.3060428929437021
UNC79,0.17077110329723755
USH2A,-0.10821211325655826
USP29,-0.6016316481681109
VCAN,-0.4277062667204562
VPS13B,0.17525727951975117
WDFY3,0.23885484866753998
XIRP2,0.31499728126978244
ZFHX4,-0.09116206447391022
ZFPM2,0.18794091368020574
ZNF423,-0.3373028854252913
ZNF479,-0.16042081263637992
ZNF521,0.25715217458159445
ZNF536,-0.7248513242217027
ZNF804A,-0.11944988812895811
ZNF804B,-0.2224163008311427
ZNF831,-0.7953600841048282
ZNF99,0.7896814978210989
age,-0.02145785728254488
gender_encoded,0.6598673545538571
stage_encoded,0.424814751274786
Stromal,4.590918748864139
Immune,-1.9961075386361413
